symptome,causes_possibles,conseils,urgence,pathologies_associees
Mal de tête,"Fatigue, déshydratation, tension nerveuse, sinusite, hypertension","Reposez-vous, hydratez-vous, évitez les écrans ; un antalgique simple peut aider si besoin",,
Douleur thoracique,"Angine de poitrine, infarctus, reflux gastrique, anxiété, douleur musculaire","Ne restez pas seul(e), ne conduisez pas vous-même vers l'hôpital","Douleur intense, oppression, irradiation dans le bras ou la mâchoire, essoufflement : appelez le 15 (SAMU) ou le 112 immédiatement",Possible infarctus du myocarde ; Angine de poitrine instable ; Angine de poitrine stable ; Pneumothorax spontané
Essoufflement soudain,"Problème cardiaque, embolie pulmonaire, crise d'asthme, anxiété","Asseyez-vous, essayez de respirer calmement","Apparition brutale, surtout avec douleur thoracique : appelez le 15 ou le 112",Anaphylaxie ; Possible infarctus du myocarde ; Œdème aigu du poumon ; Pneumothorax spontané
Vertiges,"Tension artérielle basse, déshydratation, problème d'oreille interne, effet secondaire d'un médicament","Asseyez-vous ou allongez-vous, levez-vous lentement, hydratez-vous",Vertiges soudains et intenses avec troubles de la parole ou de la vue : appelez le 15 (signe possible d'AVC),Tachycardie supraventriculaire paroxystique ; Fibrillation ou flutter auriculaire ; Anémie
Douleur abdominale,"Digestion difficile, constipation, gastrite, calculs biliaires, appendicite","Repas léger, éviter l'alcool et les plats gras, surveiller l'évolution","Douleur intense et soudaine, fièvre élevée, ou ventre très dur : consultez en urgence",
Fièvre,"Infection virale ou bactérienne, grippe","Reposez-vous, hydratez-vous bien, surveillez la température régulièrement","Fièvre supérieure à 39-40°C persistante, confusion, ou fièvre chez une personne âgée fragile : consultez rapidement",Épiglottite ; Laryngo-trachéo-bronchite (Croup) ; VIH (primo-infection) ; Tuberculose
Toux persistante,"Rhume, bronchite, reflux gastrique, allergie","Hydratation, une cuillère de miel dans une boisson chaude, air ambiant humide","Toux qui dure plus de 3 semaines, avec du sang, un essoufflement ou de la fièvre : consultez",Reflux gastro-œsophagien (RGO) ; Bronchiectasies ; Tuberculose ; Crise d'asthme / bronchospasme
Diarrhée,"Infection digestive, intolérance alimentaire, effet secondaire d'un médicament","Bien s'hydrater (eau, bouillon), repas légers, éviter les produits laitiers temporairement","Diarrhée avec du sang, forte fièvre, ou signes de déshydratation (bouche sèche, confusion) : consultez",Anaphylaxie ; Intoxication histaminique (poisson - scombroïde) ; VIH (primo-infection) ; Cancer du pancréas
Constipation,"Manque de fibres ou d'eau, sédentarité, effet de certains médicaments","Augmenter les fibres et l'eau, marcher régulièrement","Constipation soudaine et inhabituelle, surtout avec douleur ou perte de poids : consultez",Hernie inguinale
Douleurs articulaires,"Arthrose, arthrite, surmenage, âge","Repos relatif, chaud ou froid selon ce qui soulage, activité physique douce","Articulation rouge, chaude et gonflée, ou apparition brutale sans raison : consultez",
Insomnie,"Stress, douleur, effet de certains médicaments, mauvaises habitudes de sommeil","Horaires réguliers, éviter les écrans le soir, limiter la caféine l'après-midi",,
Fatigue inhabituelle,"Manque de sommeil, anémie, problème thyroïdien, effet secondaire d'un médicament","Repos, alimentation équilibrée, activité physique douce","Fatigue intense, persistante ou inexpliquée depuis plusieurs semaines : consultez",Anémie ; VIH (primo-infection) ; Grippe (syndrome grippal) ; Cancer du poumon
Brûlures d'estomac,"Reflux gastro-œsophagien, repas copieux, effet de certains médicaments","Repas plus légers, éviter de s'allonger juste après manger, surélever la tête du lit",Brûlures fréquentes ou difficulté à avaler associée : consultez,Reflux gastro-œsophagien (RGO)
Mal de dos,"Mauvaise posture, effort physique, arthrose, tension musculaire","Rester actif autant que possible, chaleur locale, étirements doux",Perte de force dans les jambes ou troubles urinaires associés : consultez en urgence,
Palpitations,"Stress, caféine, anxiété, trouble du rythme cardiaque","Respirer calmement, éviter la caféine et l'alcool","Palpitations avec douleur thoracique, essoufflement ou malaise : appelez le 15 si sévère",Tachycardie supraventriculaire paroxystique ; Myocardite ; Fibrillation ou flutter auriculaire ; Péricardite
Gonflement des jambes,"Station debout prolongée, problème veineux, problème cardiaque ou rénal, effet d'un médicament","Surélever les jambes, éviter la station debout prolongée","Gonflement soudain d'une seule jambe (douleur, rougeur) ou avec essoufflement : consultez rapidement",Embolie pulmonaire ; Œdème aigu du poumon ; Œdème localisé ou généralisé
Perte d'appétit,"Stress, infection, effet d'un médicament, problème digestif","Petits repas fréquents et appétissants, bien s'hydrater",Perte d'appétit avec perte de poids importante ou prolongée : consultez,Possible infarctus du myocarde ; Grippe (syndrome grippal) ; Pneumonie ; Cancer du poumon
Confusion soudaine,"Infection (notamment urinaire chez la personne âgée), déshydratation, effet d'un médicament, AVC","Restez avec la personne, ne la laissez pas seule","Confusion brutale chez une personne âgée, surtout avec faiblesse d'un côté du corps ou trouble de la parole : appelez le 15 immédiatement",
Sifflements respiratoires,"Asthme, bronchite, allergie, BPCO","Éviter les déclencheurs connus (fumée, allergènes), rester calme, position assise",Sifflements avec forte gêne respiratoire ou lèvres bleutées : appelez le 15,Anaphylaxie ; Crise d'asthme / bronchospasme ; Exacerbation aiguë de BPCO ; Bronchite
Ganglions enflés ou douloureux,"Infection ORL (rhume, angine), réaction à une petite plaie, dans de rares cas cause plus sérieuse","Surveillez l'évolution sur quelques jours, n'essayez pas de percer ou masser le ganglion","Ganglion qui grossit sur plusieurs semaines, dur, ou associé à une fièvre prolongée et une perte de poids : consultez",VIH (primo-infection) ; Sarcoïdose
Difficulté à avaler,"Angine, reflux gastrique, anxiété, bouchée mal mâchée","Manger lentement, privilégier une alimentation plus molle temporairement, bien s'hydrater","Apparition brutale avec voix étouffée, salivation excessive ou difficulté à respirer : appelez le 15",Épiglottite ; Myasthénie grave
Vision double soudaine,"Fatigue oculaire, migraine, effet d'un médicament","Reposez les yeux, évitez de conduire tant que le symptôme persiste","Apparition brutale, surtout avec faiblesse du visage ou difficulté à parler : appelez le 15 (signe possible d'AVC)",Myasthénie grave
Faiblesse ou paralysie d'un côté du visage,"Fatigue, mauvaise position pendant le sommeil, dans de rares cas AVC ou paralysie faciale",Ne pas attendre pour évaluer la situation,"Toujours une urgence : appelez le 15 (SAMU) ou le 112 immédiatement, surtout si associée à une faiblesse d'un bras ou une difficulté à parler",Syndrome de Guillain-Barré
Convulsions,"Épilepsie connue, fièvre élevée chez l'enfant, effet d'un médicament, dans de rares cas AVC","Protégez la personne (dégagez les objets autour), ne rien mettre dans sa bouche, la mettre sur le côté après la crise","Toujours une urgence, surtout si première crise ou si elle dure plus de 5 minutes : appelez le 15 (SAMU) ou le 112",
Toux avec du sang,"Bronchite sévère, infection pulmonaire, dans de rares cas cause plus grave",Ne pas paniquer mais noter la quantité et la fréquence pour votre médecin,"Toujours à signaler rapidement à un médecin ; en cas de grande quantité de sang ou d'essoufflement, appelez le 15",Embolie pulmonaire ; Bronchiectasies ; Tuberculose ; Pneumonie ; Cancer du poumon
Voix qui devient rauque ou éteinte,"Laryngite, usage excessif de la voix, reflux gastrique","Reposez votre voix, hydratez-vous, évitez de chuchoter (ça fatigue autant que parler normalement)","Enrouement qui dure plus de 3 semaines, ou apparition brutale avec difficulté à respirer : consultez",Épiglottite ; Laryngite aigüe
